V13,V14,p.value,probability,n,p_adju,p_scaled
IPR006120,"Resolvase, HTH domain",1.813305065602e-311,0.0001972922447976299,103,5.43084867147791e-309,3082.6513229848847
IPR006119,"Resolvase, N-terminal catalytic domain",0.0,0.00075844313778761,291,0.0,3076.5265556858876
IPR009899,Antirestriction,2.3827186370525896e-85,0.00014311773495565775,31,4.757494878648337e-83,823.2262167055035
IPR012910,"TonB-dependent receptor, plug domain",1.9085822337879517e-78,0.01395195772124223,18,2.858101895097458e-76,755.4392229209868
IPR007159,SpoVT-AbrB domain,4.1037720279366673e-78,0.000027491542307866462,19,4.9163188894681276e-76,753.0835995502791
IPR011204,Virulence protein RhuM-like,5.6976501399566104e-74,0.00021508088982036703,31,5.688154056390016e-72,712.4502864980747
IPR003477,mRNA interferase PemK-like,5.3401408921279486e-68,0.00004689733687812514,19,4.569634849120916e-66,653.4011850219441
IPR025657,RadC-like JAB domain,7.281678943016385e-64,0.00039781878869030293,34,5.452157108583518e-62,612.6343163808905
IPR011109,DNA-binding recombinase domain,7.352251358806953e-54,0.00017222642681104578,22,4.89333173769485e-52,513.1039534075619
IPR025827,Recombinase zinc beta ribbon domain,8.498525865505219e-54,0.00008651750079240327,18,5.090616993437626e-52,512.9322957707263
IPR001789,"Signal transduction response regulator, receiver domain",6.526899669024334e-41,0.00987027226329782,8,3.554193547041433e-39,384.492589259614
IPR013610,N-terminal domain of anti-restriction factor ArdC,1.3431172350566563e-39,0.0002094208664040416,18,6.70439353165781e-38,371.7364050159565
IPR041459,"Polyvalent protein, metallopeptidase domain",1.5460720901458284e-39,0.00021022944117780236,18,7.123824476902701e-38,371.4728678960909
IPR043964,"TraG, P-loop domain",1.9763114975643405e-36,0.0006597970153887951,27,8.455789907436e-35,340.72845816047686
IPR046816,"MmeI-like, DNA-methyltransferase domain",2.6353926478235197e-32,0.00007519745395975238,11,1.0524001306975256e-30,299.77819106651316
IPR000523,"Magnesium chelatase ChlI-like, catalytic domain",6.568081067903312e-31,0.0002280180862005395,15,2.4589253497963022e-29,286.092546557524
IPR018060,"DNA binding HTH domain, AraC-type",4.985420222227097e-28,0.009229072467705523,15,1.7566274783023712e-26,257.55320328015773
IPR000531,"TonB-dependent receptor-like, beta-barrel",6.277947726197549e-27,0.007938587128783321,5,2.089161493329073e-25,246.8002798752048
IPR000119,Histone-like DNA-binding protein,2.8434170574040237e-26,0.0006056225055468229,20,8.964246407289527e-25,240.47486214178997
IPR003439,"ABC transporter-like, ATP-binding domain",3.8372608725423825e-25,0.00799033591430401,7,1.1492596313264436e-23,229.39581847974085
IPR002789,"Helicase HerA, central domain",5.846542472522899e-24,0.00006306883235334071,8,1.6676566385910557e-22,217.77893363359937
IPR010359,IrrE N-terminal-like domain,1.0196033670664496e-23,0.0001819293240961751,11,2.776101894876379e-22,215.56564597449744
IPR003423,Outer membrane efflux protein,1.2336233548018213e-23,0.007000640391220819,2,3.2127843022882214e-22,214.93118430835193
IPR003594,Histidine kinase/HSP90-like ATPase,2.8984916381164764e-23,0.008651750079240328,15,7.234152046799039e-22,211.40612367513594
IPR000408,"Regulator of chromosome condensation, RCC1",3.3803361969894687e-21,0.0002935126428751625,12,8.099285527986767e-20,190.91553290373014
IPR007560,"Restriction endonuclease type IV, Mrr",8.548217079684262e-21,0.00009864612239881495,8,1.9693777041272589e-19,187.05670983157333
IPR025408,Protein of unknown function DUF4134,1.1290874305871108e-20,0.0005005077849579218,15,2.5049013737839976e-19,186.01209369064043
IPR025188,Domain of unknown function DUF4113,8.647329399561026e-20,0.00016171495475215565,9,1.8499108251203765e-18,177.32849206241082
IPR009492,TniQ,4.0020350532768395e-19,0.000021831518891541014,5,8.266272403147679e-18,170.82690287266914
IPR018579,"Restriction endonuclease, type II, LlaJI",8.97600716733293e-19,8.085747737607783e-6,4,1.792209431077475e-17,167.4661124163441
IPR011101,Protein of unknown function DUF5131,2.9512403144672255e-18,0.00009379467375625028,7,5.702557897954413e-17,162.43930296645883
IPR046778,"UPF0758, N-terminal",4.901626707701135e-18,0.00020214369344019457,9,9.175232493478062e-17,160.37382922241505
IPR000055,Type I restriction modification DNA specificity domain,8.838540668391385e-18,0.0007026514783981164,16,1.6043290485958907e-16,157.94706552926147
IPR014942,"Nucleotidyl transferase AbiEii toxin, Type IV TA system",7.12338212155118e-17,0.00023448668439062572,9,1.1929964223357841e-15,149.23360858728782
IPR015927,Peptidase S24/S26A/S26B/S26C,6.802305123491379e-17,0.00044471612556842805,12,1.1929964223357841e-15,149.23360858728782
IPR001584,"Integrase, catalytic core",7.169928414705882e-17,0.0013624484937869114,24,1.1929964223357841e-15,149.23360858728782
IPR011110,Two component regulator propeller,1.0082987519989395e-16,0.005770798160330675,1,1.6323539255334182e-15,147.8718567202728
IPR022749,"N6 adenine-specific DNA methyltransferase, N-terminal domain",1.162592778963307e-16,0.00024095528258071192,9,1.8326133542079495e-15,147.36929153066382
IPR048445,"Cyclic GMP-AMP synthase DncV-like, nucleotidyltransferase domain",3.3128717127584927e-16,0.000016171495475215566,4,5.088231169082915e-15,142.93433165996342
IPR003356,"DNA methylase, adenine-specific",5.1258114353156405e-16,0.0006420083703660579,14,7.675902624385172e-15,141.14870543311295
IPR046159,Domain of unknown function DUF6161,6.60796818059915e-16,4.042873868803891e-6,3,9.654080341899734e-15,140.15289091274678
IPR025296,Domain of unknown function DUF4158,1.5064706836410596e-15,0.00001940579457025868,4,2.148514141669035e-14,136.6786178341428
IPR015378,"Transposase-like, Mu, C-terminal",2.919138127796421e-15,0.000021022944117780235,4,4.066427298953619e-14,133.90786987767007
IPR041527,"YhcG, N-terminal",3.2577257530161246e-15,0.0003654757977398718,10,4.434949377401497e-14,133.53111333045484
IPR013425,Autotransporter-associated beta strand repeat,7.177132605395661e-15,0.00002344866843906257,4,9.553560956960002e-14,130.19834721012768
IPR017961,"DNA polymerase, Y-family, little finger domain",9.981015877634939e-15,0.00046735621923372985,11,1.2997018501528975e-13,128.8615626283475
IPR002611,IstB-like ATP-binding domain,1.1517753529167913e-14,0.00031130128789789963,9,1.4679009285045914e-13,128.33303254812114
IPR045738,Protein of unknown function DUF6088,5.635885382767722e-14,0.00006953743054342693,5,7.033115300578887e-13,121.52852262723846
IPR002583,Small ribosomal subunit protein bS20,8.797059919206775e-14,0.00019486652047634757,7,1.0753956921642568e-12,119.68431707558582
IPR002514,Transposase IS3/IS911family,9.916381475204875e-14,0.0005199135795281804,11,1.187982500729544e-12,119.25189956570793
IPR007358,Nucleoid-associated protein NdpA,1.889586914610581e-13,0.00013664913676557152,6,2.219338356572035e-12,116.53776480918067
IPR001126,UmuC domain,6.841114629144645e-13,0.0004794848408401415,10,7.880437813187773e-12,111.0344965375795
IPR041578,"PIN like domain, group 8",1.2124218590770705e-12,0.000012937196380172452,3,1.370265459598425e-11,108.63195289434259
IPR025948,HTH-like domain,3.132394553017768e-12,0.00033717568065824455,8,3.474637661588228e-11,104.59090477340754
IPR003661,"Signal transduction histidine kinase, dimerisation/phosphoacceptor domain",4.694059337305643e-12,0.005715006500941181,5,5.1122573509928736e-11,102.91387291918726
IPR011646,KAP family P-loop domain,8.824674596744205e-12,0.00011481761787403051,5,9.439250149017462e-11,100.25062504545006
IPR045659,"LPS-assembly protein LptD, central domain",1.4856696490313647e-11,0.00019648367002386913,6,1.5612563504733115e-10,98.06525782103856
IPR008868,Bacterial TniB,3.042335210951299e-11,0.000021831518891541014,3,3.141997916137634e-10,95.027941073324
IPR002513,Tn3 transposase DDE domain,5.79211309903384e-11,0.00002425724321282335,3,5.880467366646221e-10,92.30588155779428
IPR046904,"ABC-three component system, Middle Component 2",6.276387315349042e-11,3.234299095043113e-6,2,6.164180845872099e-10,92.10124628355273
IPR003838,ABC3 transporter permease protein domain,6.277379492457396e-11,0.004946860465868442,2,6.164180845872099e-10,92.10124628355273
IPR001845,HTH ArsR-type DNA-binding domain,7.456388026618402e-11,0.0003161527365404643,7,7.203832948297456e-10,91.42436366712275
IPR001207,"Transposase, mutator type",9.593304877732353e-11,0.00022963523574806103,6,9.121253367875682e-10,90.39945480383014
IPR025931,TaqI-like C-terminal specificity domain,1.1021932619275853e-10,0.00007681460350727394,4,1.0315840060853493e-9,89.86495399882998
IPR046914,"ABC-three component systems, C-terminal domain 6",1.6344696959293e-10,4.042873868803891e-6,2,1.5062266890179243e-9,88.22109661348591
IPR007627,RNA polymerase sigma-70 region 2,5.706077638949972e-10,0.005341444955463701,5,5.17869773595611e-9,82.8577943662397
IPR041304,AbiTii,6.727404739859075e-10,5.660023416325448e-6,2,6.0145006554859496e-9,82.20800423447847
IPR025668,Transposase DDE domain,8.025530805102142e-10,0.0010018241446896044,13,7.069548459200268e-9,81.50608324242728
IPR007936,Virulence-associated protein E-like domain,1.2240226705823527e-9,0.0003873073166314128,7,1.0625935937374338e-8,79.73632806733141
IPR000719,Protein kinase domain,1.9877032853816695e-9,0.0001972922447976299,5,1.7009060970623144e-8,77.69319662080186
IPR049503,"HEPN, AbiJ-N-terminal domain 4",2.9419423703647274e-9,8.085747737607783e-6,2,2.4820049011950307e-8,76.05197365238637
IPR024353,Protein of unknown function DUF3871,3.116471998326206e-9,0.00011643476742155208,4,2.592731565274163e-8,75.86242444956423
IPR013249,"RNA polymerase sigma factor 70, region 4 type 2",3.695075213088867e-9,0.004991332078425285,4,3.031986373479769e-8,75.1827275486579
IPR025382,"CD-NTase associated protein 4-like, DNA endonuclease domain",4.350761322851395e-9,8.894322511368562e-6,2,3.474808043183981e-8,74.59069181890726
IPR019627,"YspA, cpYpsA-related SLOG family",4.350761322851395e-9,8.894322511368562e-6,2,3.474808043183981e-8,74.59069181890726
IPR038729,Rad50/SbcC-type AAA domain,5.247321033863856e-9,0.00021750661414164936,5,4.135717499058486e-8,73.8344913451523
IPR010886,Histone H1-like Hc1,5.648270752951143e-9,0.00021912376368917093,5,4.393914520802252e-8,73.57148396096663
IPR025935,Bacteriophage abortive infection AbiH,6.937186395887064e-9,0.000053365935068211366,3,5.3274033988927574e-8,72.73484416547254
IPR005185,Inner membrane component domain,8.409879050400282e-9,0.00013179768812300686,4,6.376604495176922e-8,71.95410519015402
IPR040836,SMODS-associated and fused to various effectors,8.617637189823113e-9,0.000010511472058890117,2,6.452455845880056e-8,71.90274958648682
IPR012932,Vitamin K epoxide reductase,1.0709932738674748e-8,0.00013584056199181075,4,7.920061370945895e-8,71.01271453137794
IPR025269,Phage integrase SAM-like domain,1.491452309094299e-8,0.002505773223884652,28,1.0894877233505915e-7,69.62777659140657
IPR040829,SMODS-associated NUDIX domain,1.5444240018491622e-8,0.000012128621606411675,2,1.1145903338646363e-7,69.52884727624205
IPR024450,Domain of unknown function DUF3874,1.6015154585786404e-8,0.00024338100690199428,5,1.14203304724834e-7,69.42321328638387
IPR002508,"N-acetylmuramoyl-L-alanine amidase, catalytic domain",2.7724698249017183e-8,0.0003703272463824365,6,1.9537757942542698e-7,67.09125275266629
IPR001173,Glycosyltransferase 2-like,2.9500580165502326e-8,0.004962223386569897,5,2.0311318987512522e-7,66.92261873227461
IPR003812,Fido domain,2.9180312447502816e-8,0.000371944395929958,6,2.0311318987512522e-7,66.92261873227461
IPR008719,Nitrous oxide reductase accessory protein NosL,3.240480366673076e-8,0.00001455434592769401,2,2.18442958770692e-7,66.60661949655803
IPR000525,"Initiator Rep protein, WH1 domain",3.2456466328199644e-8,0.00015605493133583021,4,2.18442958770692e-7,66.60661949655803
IPR003115,ParB/Sulfiredoxin,3.57253458045886e-8,0.00037841299412004427,6,2.3777202374387301e-7,66.23839245799803
IPR003473,Quinolinate synthetase A,5.89743666527663e-8,0.00016818355294224188,4,3.8819390796711e-7,64.10951284395951
IPR024474,"Transposase IS66, zinc-finger binding domain of",8.74789369286352e-8,0.000018597219796497902,2,5.695639480462227e-7,62.44457508240768
IPR007742,"Periplasmic copper-binding protein NosD, beta helix domain",1.225482286813004e-7,0.000020214369344019456,2,7.893160105386983e-7,61.027490878470005
IPR005074,"Peptidase C39, bacteriocin processing",1.2527825240910194e-7,0.0004212674571293655,6,7.983156722665112e-7,60.978253447211145
IPR009799,EthD domain,1.6723108254511142e-7,0.000021831518891541014,2,1.0544359836265446e-6,59.76979781786681
IPR041677,"DNA2/NAM7 helicase, helicase domain",1.8207090225384945e-7,0.0004350132282832987,6,1.1360465671880816e-6,59.44603866284928
IPR002938,FAD-binding domain,1.940960095031275e-7,0.0005627680425375017,7,1.1985928834265298e-6,59.21328305229358
IPR006157,Dihydroneopterin aldolase/epimerase domain,1.9688085766364892e-7,0.00019567509525010834,4,1.2033840177604663e-6,59.19595760705864
IPR011579,ATPase domain,2.171380302029381e-7,0.0001981008195713907,4,1.3137947483995952e-6,58.81472478459763
IPR008145,Guanylate kinase/L-type calcium channel beta subunit,2.6316347156207743e-7,0.00020295226821395536,4,1.5763491946568438e-6,58.02347570784198
IPR008490,"Transposase InsH, N-terminal",2.744544844810191e-7,0.0008263634187835155,9,1.6277053089517867e-6,57.88424220012446
IPR002109,Glutaredoxin,3.318923727270954e-7,0.000025874392760344904,2,1.9490542280738245e-6,57.101760774418466
IPR009362,YhcG PDDEXK nuclease domain,3.373699736500058e-7,0.0003315156572419191,5,1.9619865457898394e-6,57.07303975095349
IPR008687,Bacterial mobilisation,5.431229138667908e-7,0.00022235806278421403,4,3.1281790904443045e-6,55.047083912371065
IPR015223,ATPase MipZ,6.631971445201582e-7,0.000030725841402909573,2,3.7833818054054743e-6,54.22119829044634
IPR025589,Topoisomerase C-terminal repeat,6.843167838231559e-7,0.0009961641212732789,10,3.867035410472362e-6,54.12621851070887
IPR007409,"Restriction endonuclease, type I, HsdR, N-terminal",7.009476838406404e-7,0.00022963523574806103,4,3.923996846920968e-6,54.06271350263897
IPR014914,RES domain,7.287694380416231e-7,0.0001156261926477913,3,4.041971235064188e-6,53.934067814929925
IPR011639,Type II methyltransferase M.TaqI-like domain,7.598679968279845e-7,0.00011643476742155208,3,4.175788349540942e-6,53.79261521728945
IPR046912,"ABC-three component systems, C-terminal domain 8",8.085747737607783e-7,8.085747737607783e-7,1,4.324431156095591e-6,53.640710123648255
IPR046902,"ABC-three component system, Middle Component 4",8.085747737607783e-7,8.085747737607783e-7,1,4.324431156095591e-6,53.640710123648255
IPR045517,Glyoxalase-related protein,8.085747737607783e-7,8.085747737607783e-7,1,4.324431156095591e-6,53.640710123648255
IPR035386,"Arm, DNA-binding domain",8.464508963525042e-7,0.0017812902265949945,17,4.486938822257965e-6,53.48049851870293
IPR012893,"HipA-like, C-terminal",8.972598854778318e-7,0.00023691240871190805,4,4.71454974913352e-6,53.26559777116224
IPR011701,Major facilitator superfamily,1.0661258092280693e-6,0.004595130439282503,5,5.553124867196639e-6,52.55462560900787
IPR002104,"Integrase, catalytic domain",1.1715688522051995e-6,0.0032658335112197836,34,6.049739159232021e-6,52.182633500001394
IPR000330,"SNF2, N-terminal",1.5504748506070853e-6,0.0002538924789608844,4,7.937901158236275e-6,51.002943131763764
IPR004027,SEC-C motif,1.9132604413572903e-6,0.00013584056199181075,3,9.712228850618788e-6,50.12681092806096
IPR000200,"Peptidase C10, streptopain",2.2025033737105513e-6,0.00013907486108685386,3,0.00001108655059540017,49.55203556682923
IPR025420,Domain of unknown function DUF4143,3.1071155012503585e-6,0.0004164160084868008,5,0.000015509684877074707,48.09397026012177
IPR039459,RepB-like DNA primase domain,3.234296479870454e-6,1.6171495475215565e-6,1,0.000015879865503626245,47.99153180201134
IPR041409,"Restriction endonuclease AspBHI, N-terminal",3.234296479870454e-6,1.6171495475215565e-6,1,0.000015879865503626245,47.99153180201134
IPR029471,HNH endonuclease 5,3.3844578950673503e-6,0.00004608876210436436,2,0.000016482034789799533,47.829891734986695
IPR025857,MacB-like periplasmic core domain,3.4838241982233527e-6,0.00386498741857652,2,0.000016828935651213255,47.73943350181148
IPR015082,Protein of unknown function DUF1896,3.5163468274312946e-6,0.00015039490791950475,3,0.000016828935651213255,47.73943350181148
IPR002909,IPT domain,3.5399764475006174e-6,0.00042207603190312626,5,0.000016828935651213255,47.73943350181148
IPR025714,Methyltransferase domain,3.8126239649429737e-6,0.00028461832036379397,4,0.00001798237602362867,47.45152925184805
IPR010432,RDD,4.3539714752181696e-6,0.00028946976900635864,4,0.000020375225887935026,46.908975677982966
IPR013431,Delta-60 repeat,5.086644769884183e-6,0.00043824752737834185,5,0.00002361938152837694,46.26731478540019
IPR025427,Protein of unknown function DUF4160,5.38718666042594e-6,0.00005174878552068981,2,0.000024822498535347218,46.051545062578626
IPR009915,NnrU domain,7.27715531144583e-6,2.425724321282335e-6,1,0.00003252997038474666,44.877163320992395
IPR003646,"SH3-like domain, bacterial-type",7.241750457719321e-6,0.0003088755635766173,4,0.00003252997038474666,44.877163320992395
IPR018708,Protein of unknown function DUF2225,7.27715531144583e-6,2.425724321282335e-6,1,0.00003252997038474666,44.877163320992395
IPR041394,Cthe_2314-like HEPN,7.27715531144583e-6,2.425724321282335e-6,1,0.00003252997038474666,44.877163320992395
IPR011871,Fibrobacter succinogenes major paralogous domain,8.391894188645407e-6,0.0004616961958174044,5,0.000037235145325915546,44.2904694679926
IPR010744,"Bacteriophage CI repressor, N-terminal",8.639457980123187e-6,0.00005821738371077604,2,0.000038051730368336684,44.19625589292005
IPR024524,Protein of unknown function DUF3800,9.130577953968945e-6,0.000059025958484536814,2,0.000039921286090710935,43.98795476074496
IPR046551,Domain of unknown function DUF6705,0.0000109433253382194,0.0001819293240961751,3,0.00004750037592459,43.233029532945224
IPR001148,Alpha carbonic anhydrase domain,0.000012937133616163967,3.234299095043113e-6,1,0.000054959879688526355,42.599542266520416
IPR046024,Protein of unknown function DUF5982,0.000012937133616163967,3.234299095043113e-6,1,0.000054959879688526355,42.599542266520416
IPR021388,"Bacteriophage 933W, L0084",0.000012937133616163967,3.234299095043113e-6,1,0.000054959879688526355,42.599542266520416
IPR013656,PAS fold-4,0.000013171051993547557,0.0011805191696907364,10,0.00005555957847982385,42.552410578332875
IPR034139,"OLD protein-like, TOPRIM domain",0.000013850251619641938,0.00006549455667462304,2,0.00005801608895220644,42.36451551709261
IPR000182,GNAT domain,0.000015241418537715775,0.005056018060326147,10,0.00006340006738952603,41.979102804954955
IPR026881,WYL domain,0.000016273620883977296,0.0004948477615415964,5,0.00006722688903105104,41.724569855459364
IPR046847,"Antitoxin Xre-like, helix-turn-helix domain",0.000016799454236093468,0.00006872885576966616,2,0.00006845491896204073,41.645953393296125
IPR025202,Phospholipase D-like domain,0.00001678677768296794,0.0004964649110891178,5,0.00006845491896204073,41.645953393296125
IPR002716,PIN domain,0.000017911693700489594,0.0003468785779433739,4,0.00007249394950400855,41.396982390383215
IPR024463,"Transposase TnpC, homeodomain",0.000018158170730805383,0.0001981008195713907,3,0.00007299828367619077,41.36687350820944
IPR046911,"ABC-three component systems, C-terminal domain 9",0.000020214205896389067,4.042873868803891e-6,1,0.00007913927667932714,41.016079234358294
IPR025870,Glyoxalase-like domain,0.00002019532333164663,0.00007196315486470927,2,0.00007913927667932714,41.016079234358294
IPR021301,Domain of unknown functionDUF2779,0.000020214205896389067,4.042873868803891e-6,1,0.00007913927667932714,41.016079234358294
IPR046901,"ABC-three component system, Middle Component 5",0.000020214205896389067,4.042873868803891e-6,1,0.00007913927667932714,41.016079234358294
IPR024467,"Antitoxin Xre/MbcA/ParS-like, toxin-binding domain",0.000022074023688237636,0.00007358030441223083,2,0.00008585935187827495,40.66212394178862
IPR017508,"HipA, N-terminal subdomain 1",0.000023026121682966806,0.00020618656730899846,3,0.00008898481863288461,40.50684080392764
IPR010090,Phage tail tape measure protein,0.00002513349414969724,0.00007600602873351316,2,0.00009650617304915798,40.15444905978063
IPR004256,Domain of unknown function DUF234,0.00002734234064678952,0.00007762317828103472,2,0.00010431886654412053,39.81637140326765
IPR032359,Kiwa protein KwaB-like,0.000039619491167457896,5.660023416325448e-6,1,0.00014740419384662908,38.314901600418345
IPR040556,Predicted pPIWI-associating nuclease,0.000039619491167457896,5.660023416325448e-6,1,0.00014740419384662908,38.314901600418345
IPR025246,Transposase IS30-like HTH domain,0.000039127364721374236,0.00008490035124488172,2,0.00014740419384662908,38.314901600418345
IPR025059,Protein of unknown function DUF3997,0.000039619491167457896,5.660023416325448e-6,1,0.00014740419384662908,38.314901600418345
IPR041162,Bacterial HORMA domain 1,0.000051747613938495614,6.468598190086226e-6,1,0.00018560970508478368,37.31399319310188
IPR041168,"L-Lysine epsilon oxidase, N-terminal",0.000051747613938495614,6.468598190086226e-6,1,0.00018560970508478368,37.31399319310188
IPR046897,"ABC-three component system, Middle Component 6",0.000051747613938495614,6.468598190086226e-6,1,0.00018560970508478368,37.31399319310188
IPR040811,SMODS and SLOG-associating 2TM effector domain,0.000051747613938495614,6.468598190086226e-6,1,0.00018560970508478368,37.31399319310188
IPR040511,"Adenylyl/Guanylyl and SMODS, C-terminal sensor domain",0.000051747613938495614,6.468598190086226e-6,1,0.00018560970508478368,37.31399319310188
IPR046741,Domain of unknown function DUF6791,0.000051747613938495614,6.468598190086226e-6,1,0.00018560970508478368,37.31399319310188
IPR025506,Abortive infection alpha,0.00006549265024612608,7.277172963847005e-6,1,0.00022941577483876914,36.3937672292173
IPR018637,Domain of unknown function DUF2059,0.00006451715688758123,0.00009622039807753262,2,0.00022941577483876914,36.3937672292173
IPR022172,Protein of unknown function DUF3703,0.00006549265024612608,7.277172963847005e-6,1,0.00022941577483876914,36.3937672292173
IPR041173,"L-lysine epsilon oxidase, C-terminal",0.00006549265024612608,7.277172963847005e-6,1,0.00022941577483876914,36.3937672292173
IPR000209,Peptidase S8/S53 domain,0.00006819358742307245,0.0007341858945747867,6,0.00023748813294430463,36.24358086778348
IPR001387,Cro/C1-type helix-turn-helix domain,0.00007124217208585119,0.002935126428751625,26,0.0002466708732914732,36.07882128643971
IPR039444,SIR2-like domain,0.0000785171356889242,0.00010107184672009728,2,0.00027029749584865285,35.681579777720465
IPR017642,DNA sulphur modification protein DndB,0.00008085453537027239,8.085747737607783e-6,1,0.00027518106072041567,35.603814596358646
IPR041427,AbiJ-NTD3,0.00008085453537027239,8.085747737607783e-6,1,0.00027518106072041567,35.603814596358646
IPR004291,"Transposase IS66, central domain",0.00008153345033038482,0.00042207603190312626,4,0.00027592393642881645,35.59210622797237
IPR041682,"AAA domain, group 14",0.00009356629390954069,0.0005959196082616936,5,0.00031486634860570156,35.01873752179569
IPR014955,Protein of unknown function DUF1826,0.00009783319674763803,8.894322511368562e-6,1,0.00032022997186795184,34.945380227986654
IPR046919,"ABC-three component systems, C-terminal domain 10",0.00009783319674763803,8.894322511368562e-6,1,0.00032022997186795184,34.945380227986654
IPR018874,"Bacteriophage Mx8, p63, C-terminal",0.00009783319674763803,8.894322511368562e-6,1,0.00032022997186795184,34.945380227986654
IPR003386,Lecithin:cholesterol/phospholipid:diacylglycerol acyltransferase,0.00009783319674763803,8.894322511368562e-6,1,0.00032022997186795184,34.945380227986654
IPR003738,SOS response associated peptidase (SRAP),0.00009758619113556623,0.00010673187013642273,2,0.00032022997186795184,34.945380227986654
IPR001296,"Glycosyl transferase, family 1",0.00009941988936840128,0.0032043818284139642,1,0.000323654965933002,34.899177250874075
IPR004919,Domain of unknown function DUF262,0.00010944527128562147,0.0002684468248885784,3,0.0003543660405410122,34.50547903919032
IPR021223,Abortive phage resistance protein AbiGi,0.00011642855397227783,9.70289728512934e-6,1,0.0003632328324447626,34.39814902702884
IPR019646,Aminoglycoside-2''-adenylyltransferase,0.00011642855397227783,9.70289728512934e-6,1,0.0003632328324447626,34.39814902702884
IPR041528,Cas6b N-terminal,0.00011642855397227783,9.70289728512934e-6,1,0.0003632328324447626,34.39814902702884
IPR024997,Protein of unknown function DUF3892,0.00011642855397227783,9.70289728512934e-6,1,0.0003632328324447626,34.39814902702884
IPR024431,"Insertion element IS1 protein InsA, helix-turn-helix domain",0.00011642855397227783,9.70289728512934e-6,1,0.0003632328324447626,34.39814902702884
IPR045384,Protein of unknown function DUF6527,0.00011642855397227783,9.70289728512934e-6,1,0.0003632328324447626,34.39814902702884
IPR014807,Cytochrome c oxidase assembly factor 1,0.00011642855397227783,9.70289728512934e-6,1,0.0003632328324447626,34.39814902702884
IPR021352,Protein of unknown function DUF2971,0.00012339259755355593,0.00011320046832650896,2,0.0003809905460545361,34.19085800826448
IPR019199,Virulence-associated protein D / CRISPR associated protein Cas2,0.00012339259755355593,0.00011320046832650896,2,0.0003809905460545361,34.19085800826448
IPR013517,FG-GAP repeat,0.00014175655975440837,0.0020780371685652,16,0.00043544707329687496,33.61064624059226
IPR003497,BRO N-terminal domain,0.00014987480360731248,0.00011886049174283441,2,0.00045803575184071515,33.39100621949943
IPR020209,"Cas6b, C-terminal domain",0.00015846899513022414,0.000011320046832650896,1,0.0004794087276919407,33.192940638485744
IPR012908,GPI inositol-deacylase PGAP1-like,0.00015846899513022414,0.000011320046832650896,1,0.0004794087276919407,33.192940638485744
IPR026889,Transposase zinc-binding domain,0.00017576146504245853,0.0001237119403853991,2,0.0005290508420122245,32.765025900737825
IPR025209,Domain of unknown function DUF4209,0.00020697505876926154,0.000012937196380172452,1,0.000613752773281127,32.12006532477172
IPR003708,Bacterial protein export chaperone SecB,0.00020697505876926154,0.000012937196380172452,1,0.000613752773281127,32.12006532477172
IPR026820,Iminophenyl-pyruvate dimer synthase,0.00020697505876926154,0.000012937196380172452,1,0.000613752773281127,32.12006532477172
IPR002586,CobQ/CobB/MinD/ParA nucleotide binding domain,0.00022651615307897808,0.00048271913993518464,4,0.0006683900280507778,31.749700381245873
IPR013406,"Conserved hypothetical protein CHP02574, addiction module",0.00023365241469633602,0.000013745771153933231,1,0.0006860676294269866,31.63633071408011
IPR045534,Protein of unknown function DUF6428,0.00023736417184992218,0.00013341483767052842,2,0.0006901997035830261,31.610252315589968
IPR007069,"Transposase, IS801/IS1294",0.00023736417184992218,0.00013341483767052842,2,0.0006901997035830261,31.610252315589968
IPR043733,Family of unknown function DUF5677,0.00026194581937934565,0.00001455434592769401,1,0.000754353585616481,31.224250410167024
IPR015354,"DNA partition complex, ParG",0.00026194581937934565,0.00001455434592769401,1,0.000754353585616481,31.224250410167024
IPR025984,dCTP pyrophosphatase 1,0.00029185513753511306,0.000015362920701454787,1,0.0008285366226707712,30.816882902955687
IPR018760,Domain of unknown function DUF2326,0.00029185513753511306,0.000015362920701454787,1,0.0008285366226707712,30.816882902955687
IPR041325,Protein glutaminase,0.00029185513753511306,0.000015362920701454787,1,0.0008285366226707712,30.816882902955687
IPR000477,Reverse transcriptase domain,0.0002980757819842095,0.0006759685108640107,5,0.0008422046858893468,30.745823465654514
IPR045724,Protein of unknown function DUF6078,0.00031376073232119214,0.00014311773495565775,2,0.0008782368161700658,30.563883609866245
IPR011600,"Peptidase C14, caspase domain",0.00031376073232119214,0.00014311773495565775,2,0.0008782368161700658,30.563883609866245
IPR024983,CHAT domain,0.00032086099353373533,0.00014392630972941855,2,0.0008939336517521277,30.486947135835333
IPR004107,"Integrase, SAM-like, N-terminal",0.0003249903009116473,0.0006824371090540968,5,0.0009012462511392441,30.451565287778415
IPR013975,"Transcription regulator BetR, N-terminal",0.00035652093395435286,0.000016980070248976344,1,0.0009796148598103548,30.089446356699327
IPR014094,Penicillin-binding protein activator LpoB,0.00035652093395435286,0.000016980070248976344,1,0.0009796148598103548,30.089446356699327
IPR041679,"DNA2/NAM7 helicase-like, C-terminal",0.00035991672077426807,0.00032908993292063676,3,0.0009844297522547333,30.06815269161845
IPR046148,Protein of unknown function DUF6150,0.00039127710247709846,0.000017788645022737123,1,0.0010653408381081,29.72511424687106
IPR005182,"YdbS-like, PH domain",0.00042444642566874763,0.00015443778178830865,2,0.0011435780822820487,29.417341768845098
IPR040978,"Isocitrate dehydrogenase/Hypothetical protein TT1725, C-terminal domain",0.0004276485649936209,0.000018597219796497902,1,0.0011435780822820487,29.417341768845098
IPR025412,Protein of unknown function DUF4304,0.0004276485649936209,0.000018597219796497902,1,0.0011435780822820487,29.417341768845098
IPR027802,Multi-ubiquitin domain,0.0004276485649936209,0.000018597219796497902,1,0.0011435780822820487,29.417341768845098
IPR014976,"Anti-bacteriophage protein A/HamA, C-terminal domain",0.00046563514705378755,0.00001940579457025868,1,0.0012396242359343054,29.067099414440168
IPR025285,Domain of unknown function DUF4145,0.0005464529328586774,0.000021022944117780235,1,0.0014419617038869945,28.410462736050857
IPR004370,4-oxalocrotonate tautomerase-like domain,0.0005464529328586774,0.000021022944117780235,1,0.0014419617038869945,28.410462736050857
IPR001451,Hexapeptide repeat,0.0005979050476586391,0.0032076161275090076,2,0.0015708119453838809,28.03875804756739
IPR045973,Domain of unknown function DUF5929,0.0006337289077281697,0.000022640093665301792,1,0.001657657710607745,27.80505141904576
IPR032557,PIN domain (DUF4935),0.0006797881967757839,0.00002344866843906257,1,0.0017704049124725848,27.519273940103194
IPR007421,"Schlafen, AlbA_2 domain",0.0006946300303132181,0.0003687100968349149,3,0.0018012267885611152,27.44431602660828
IPR002525,"Transposase IS110-like, N-terminal",0.0007134382743345076,0.0005627680425375017,4,0.0018420238203722848,27.347047579668843
IPR012912,"Plasmid pRiA4b, Orf3",0.0007699205344510279,0.00017950359977489277,2,0.001979323605734617,27.03483195841327
IPR007138,Antibiotic biosynthesis monooxygenase domain,0.0008164904631923947,0.000379221568893805,3,0.0020900760147531815,26.798379185839146
IPR013740,Redoxin,0.000928136190236383,0.0007673374602989786,5,0.0023657599061769935,26.26029332706139
IPR006442,"Type II toxin-antitoxin system, antitoxin Phd/YefM",0.0009342885674466466,0.000027491542307866462,1,0.002371351067375175,26.25004146006091
IPR026444,Secretion system C-terminal sorting domain,0.0009449276848221572,0.004402689643127438,9,0.002388234950246718,26.219229503331334
IPR025332,Protein of unknown function DUF4238,0.0011063429747515815,0.000029917266629148798,1,0.0027844514364546106,25.552603522269806
IPR004619,Type III pantothenate kinase,0.0011544024001228549,0.00019890939434515147,2,0.0028932512036551885,25.386138575289774
IPR007213,Methyltransferase Ppm1/Ppm2/Tcmp,0.0011669185315897194,0.000030725841402909573,1,0.002900349379345402,25.375496833484796
IPR041694,"Oxidoreductase, N-terminal domain",0.0011669185315897194,0.000030725841402909573,1,0.002900349379345402,25.375496833484796
IPR025158,"Mg chelatase-related protein, C-terminal domain",0.0011729980539019547,0.00019971796911891223,2,0.0029034125383771525,25.370912520044424
IPR017896,"4Fe-4S ferredoxin-type, iron-sulphur binding domain",0.0012009352329269388,0.0028502260775067436,1,0.0029603300597664047,25.28659864905932
IPR002053,"Glycoside hydrolase, family 25",0.0012108509250377331,0.0002013351186664338,2,0.0029686866367608163,25.274356424538134
IPR018647,"Schlafen group 3-like, DNA/RNA helicase domain",0.0012291056526154967,0.000031534416176670356,1,0.0029686866367608163,25.274356424538134
IPR021284,Protein of unknown function DUF2750,0.0012291056526154967,0.000031534416176670356,1,0.0029686866367608163,25.274356424538134
IPR021683,Putative zincin peptidase,0.0012291056526154967,0.000031534416176670356,1,0.0029686866367608163,25.274356424538134
IPR004386,"Toxin-antitoxin system, YafQ-like toxin",0.0012291056526154967,0.000031534416176670356,1,0.0029686866367608163,25.274356424538134
IPR022532,"Domain of unknown function DUF3696, C-terminal",0.0014253333667162294,0.00003396014049795269,1,0.003387994788345323,24.700572664034937
IPR006522,Phage virion morphogensis protein,0.0014253333667162294,0.00003396014049795269,1,0.003387994788345323,24.700572664034937
IPR032688,ABC-2 type transporter permease protein NosY/YtrC-like,0.0014137752327100747,0.0002094208664040416,2,0.003387994788345323,24.700572664034937
IPR041311,Large polyvalent protein associated domain 29,0.0014253333667162294,0.00003396014049795269,1,0.003387994788345323,24.700572664034937
IPR014127,Conserved hypothetical protein CHP02757,0.0014792543871144416,0.00021184659072532393,2,0.0034884778656753953,24.573640282661856
IPR025831,"ATP-dependent DNA helicase RecG, C-terminal domain",0.0014792543871144416,0.00021184659072532393,2,0.0034884778656753953,24.573640282661856
IPR025230,Domain of unknown function DUF4172,0.0014939636714072584,0.000034768715271713464,1,0.0035093499575409716,24.547733211403568
IPR013597,"Group II intron, maturase-specific",0.0015933084479949947,0.0002158894645941278,2,0.003728092813863288,24.285132840737134
IPR038717,"Tc1-like transposase, DDE domain",0.001640692610564858,0.00021750661414164936,2,0.003824026746024708,24.17479078840937
IPR032812,"SbsA, Ig-like domain",0.0018431845060189306,0.00043743895260458105,3,0.00427933146940054,23.68624072535425
IPR004218,"Prokaryotic glutathione synthetase, ATP-binding",0.001939543142451822,0.00003962016391427814,1,0.004468409008956313,23.498470812585396
IPR019734,Tetratricopeptide repeat,0.00193692936214153,0.0036822495197065845,5,0.004468409008956313,23.498470812585396
IPR007197,Radical SAM,0.002001394367878195,0.0032512791652920896,3,0.004593238415168731,23.378810116461054
IPR024992,Protein of unknown function DUF3891,0.002019435987389453,0.00004042873868803891,1,0.004599399834396511,23.372988347564295
IPR025965,"FlgD/Vpr, Ig-like domain",0.002019435987389453,0.00004042873868803891,1,0.004599399834396511,23.372988347564295
IPR041685,"AAA domain, group 15",0.0020579332729498455,0.00023044381052182182,2,0.004669325873094536,23.307458155213
IPR026866,"Protein CR006, P-loop domain",0.002100936288249075,0.000041237313461799694,1,0.0047489088175894185,23.234061690993745
IPR025362,Domain of unknown function DUF4266,0.002184043652113398,0.00004204588823556047,1,0.004881500550805692,23.11446657349215
IPR041183,Cyclophilin-like,0.002184043652113398,0.00004204588823556047,1,0.004881500550805692,23.11446657349215
IPR048468,"MACPF protein, D2 domain",0.002184043652113398,0.00004204588823556047,1,0.004881500550805692,23.11446657349215
IPR011577,"Cytochrome b561, bacterial/Ni-hydrogenase",0.002268757678300323,0.00004285446300932125,1,0.0050519920048397535,22.965373454200964
IPR002657,Bile acid:sodium symporter/arsenical resistance protein Acr3,0.0023552992195316476,0.0002385295582594296,2,0.005205993477857774,22.83496380316709
IPR048467,"MACPF protein, D3 domain",0.0023550779583661565,0.00004366303778308203,1,0.005205993477857774,22.83496380316709
IPR046167,Protein of unknown function DUF6169,0.002443004076108896,0.00004447161255684281,1,0.0053407278890117834,22.723995488444082
IPR003457,Mercuric transport protein MerT,0.002443004076108896,0.00004447161255684281,1,0.0053407278890117834,22.723995488444082
IPR025560,Immunity protein 22,0.002443004076108896,0.00004447161255684281,1,0.0053407278890117834,22.723995488444082
IPR022025,Putative amidoligase enzyme,0.002532535607571574,0.000045280187330603585,1,0.005516323014310447,22.583503111645523
IPR046558,Protein of unknown function DUF6712,0.0026236721210456644,0.00004608876210436436,1,0.005653164030598392,22.4770841299199
IPR007404,"LexA-binding, inner membrane-associated putative hydrolase",0.0026236721210456644,0.00004608876210436436,1,0.005653164030598392,22.4770841299199
IPR041647,"Inward rectifier potassium channel, C-terminal",0.0026236721210456644,0.00004608876210436436,1,0.005653164030598392,22.4770841299199
IPR019062,"Restriction endonuclease, type II, HpaII",0.0027164131770745525,0.00004689733687812514,1,0.005790503534048601,22.372836689927126
IPR005063,"Transposase, IS1",0.0027164131770745525,0.00004689733687812514,1,0.005790503534048601,22.372836689927126
IPR045351,Domain of unknown function DUF6531,0.0027164131770745525,0.00004689733687812514,1,0.005790503534048601,22.372836689927126
IPR021953,Protein of unknown function DUF3570,0.0028107583284570654,0.00004770591165188592,1,0.00597036964094249,22.239987797496926
IPR001093,IMP dehydrogenase/GMP reductase,0.002858719428760383,0.00025065817986584125,2,0.0060507877661748035,22.181880798548175
IPR005094,"MobA/VirD2-like, nuclease domain",0.002915520153889157,0.0006832456838278577,4,0.006149283704857764,22.111754697766372
IPR025685,YoaP-like domain,0.0030042590897771198,0.000049323061199407475,1,0.006314214718514017,21.996806537583
IPR003343,"Bacterial Ig-like domain, group 2",0.0031187119075853703,0.0002563182032821667,2,0.0065318476665861425,21.849639522777593
IPR012336,Thioredoxin-like fold,0.0032123399829879023,0.0012322679552114262,7,0.006704500521985204,21.73633571074967
IPR008754,"Peptidase M43, pregnancy-associated plasma-A",0.0035194805024938943,0.0002644039510197745,2,0.0073200306284508425,21.354871017640995
IPR012550,Protein of unknown function DUF1706,0.0037319713647959944,0.000054983084615732923,1,0.00773512403983668,21.115327175968467
IPR014145,"DNA ligase D, polymerase domain",0.0038423311724975536,0.000055791659389493706,1,0.007936401283882878,21.003763813062413
IPR021505,"Bacteriophage B3, Orf6",0.003954289646271445,0.00005660023416325448,1,0.00813958590418074,20.89397688981046
IPR023485,Phosphotyrosine protein phosphatase I,0.004481271030931689,0.00028138402126875084,2,0.009192744340849594,20.365548178667797
IPR011664,Abortive infection system protein AbiD/AbiF-like,0.004538042842743095,0.00006064310803205837,1,0.009245876404092225,20.340519163683567
IPR025905,NVEALA protein,0.0045313554717057725,0.00028219259604251164,2,0.009245876404092225,20.340519163683567
IPR022625,"Type I restriction enzyme R protein, C-terminal",0.005161678449197188,0.00006468598190086226,1,0.010480831834132596,19.79604247253329
IPR049514,"Filamentation induced by cAMP protein Fic-like, C-terminal domain",0.0052911849302448325,0.00006549455667462304,1,0.010707499233840049,19.703119480067187
IPR049279,DUF3108-like,0.005422283092573084,0.00006630313144838383,1,0.010935850412293863,19.611474389632455
IPR038721,"Transposase IS701-like, DDE domain",0.005554972304332272,0.0000671117062221446,1,0.011165867148641043,19.521075436856023
IPR013670,EcoEI R protein C-terminal domain,0.005689251926036601,0.00006792028099590538,1,0.01139753145048804,19.431892007268278
IPR019257,"Histidine-specific methyltransferase, SAM-dependent",0.00596257980318771,0.00006953743054342693,1,0.011905284340364794,19.242602276445073
IPR029492,Domain of unknown function DUF4435,0.006101626741528781,0.00007034600531718771,1,0.012142439927494152,19.156940364423125
IPR004841,Amino acid permease/ SLC12A domain,0.006384483267855638,0.00007196315486470927,1,0.012663263170349428,18.97454367441422
IPR000594,THIF-type NAD/FAD binding fold,0.006420149264734227,0.0005474051218360469,3,0.01269197824942509,18.964706808327943
IPR013491,Tape measure protein N-terminal,0.006528291493060677,0.00007277172963847004,1,0.012863311198497847,18.90647223469736
IPR025591,RloB-like protein,0.0071193745538209365,0.00007600602873351316,1,0.013981984779471282,18.544311749716535
IPR003593,AAA+ ATPase domain,0.0072711043001898994,0.00007681460350727394,1,0.014233305476515523,18.466942296764252
IPR029460,"DNA polymerase, helix-hairpin-helix motif",0.0077382951109427256,0.0003242384842780721,2,0.015049476530697053,18.22478605969372
IPR011099,"Glycosyl hydrolase family 67, C-terminal",0.007735783433243743,0.00007924032782855627,1,0.015049476530697053,18.22478605969372
IPR020864,Membrane attack complex component/perforin (MACPF) domain,0.00789383728950144,0.00008004890260231706,1,0.015252930762617295,18.166467011209534
IPR001597,Aromatic amino acid beta-eliminating lyase/threonine aldolase,0.007887182694218633,0.00032585563382559363,2,0.015252930762617295,18.166467011209534
IPR040982,DNA polymerase III alpha subunit finger domain,0.008038108474852973,0.0003274727833731152,2,0.01543366767997179,18.115308552787745
IPR011100,"Glycosyl hydrolase family 67, catalytic domain",0.008053470289795694,0.00008085747737607782,1,0.01543366767997179,18.115308552787745
IPR003346,"Transposase IS116/IS110/IS902, C-terminal",0.008064671091537847,0.0005708537902751095,3,0.01543366767997179,18.115308552787745
IPR032338,Protein of unknown function DUF4858,0.008214681665662051,0.0000816660521498386,1,0.015670682540546398,18.049120873133194
IPR011708,"Bacterial DNA polymerase III, alpha subunit, NTPase domain",0.008905332070678064,0.00033636710588448376,2,0.016880676931443545,17.726101417331193
IPR002559,Transposase IS4-like domain,0.008894074534271986,0.0013575970451443467,7,0.016880676931443545,17.726101417331193
IPR018004,"KilA/APSES-type HTH, DNA-binding",0.009387289681091813,0.00008732607556616405,1,0.017738127820107242,17.510922199216196
IPR041657,"Helix-turn-helix domain, group 17",0.009862379133802487,0.0019632195506911697,11,0.018577248745747454,17.31018603744618
IPR007024,BLUF domain,0.009913431639641878,0.00008975179988744639,1,0.01861487633901406,17.30139844509366
IPR016071,"Staphylococcal nuclease (SNase-like), OB-fold",0.010272041484182546,0.00009136894943496795,1,0.019227977653204203,17.160663912810517
IPR012796,"Lysidine-tRNA(Ile) synthetase, C-terminal",0.0108217118157201,0.00009379467375625028,1,0.020158678012352802,16.955379519271787
IPR039448,Right handed beta helix domain,0.010836551452383308,0.0003541557509072209,2,0.020158678012352802,16.955379519271787
IPR027806,Harbinger transposase-derived nuclease domain,0.011008066561080708,0.00009460324853001107,1,0.02041434015506918,16.90064653049023
IPR008878,"Transposase IS66, Orf2",0.011121100949180375,0.0003565814752285032,2,0.02056030700172545,16.86970404844083
IPR007437,Protein of unknown function DUF486,0.011195985470620076,0.00009541182330377184,1,0.02057176471442155,16.867284514816465
IPR006935,"Helicase/UvrB, N-terminal",0.011162556510414002,0.0006064310803205837,3,0.02057176471442155,16.867284514816465
IPR045951,Domain of unknown function DUF6371,0.011576512162493304,0.0000970289728512934,1,0.021205904542304248,16.73543197886989
IPR000297,"Peptidyl-prolyl cis-trans isomerase, PpiC-type",0.01210781065493368,0.000364667222966111,2,0.022111520068003883,16.55381400593866
IPR000023,Phosphofructokinase domain,0.012312321900726852,0.00036628437251363255,2,0.022416659022903903,16.4942911413345
IPR023809,Thiopeptide-type bacteriocin biosynthesis domain,0.012555137642359238,0.00010107184672009728,1,0.02258416650982938,16.461959328582367
IPR002729,CRISPR-associated protein Cas1,0.012555137642359238,0.00010107184672009728,1,0.02258416650982938,16.461959328582367
IPR009614,Toxin YoeB,0.012555137642359238,0.00010107184672009728,1,0.02258416650982938,16.461959328582367
IPR007822,Lanthionine synthetase C-like,0.012555137642359238,0.00010107184672009728,1,0.02258416650982938,16.461959328582367
IPR004837,Sodium/calcium exchanger membrane region,0.012728635736878319,0.0003695186716086757,2,0.022807661202447423,16.419192468999466
IPR005358,Putative zinc- or iron-chelating domain containing protein,0.012755536732587457,0.00010188042149385807,1,0.022807661202447423,16.419192468999466
IPR010620,Beta-propeller repeat,0.014414654815650367,0.0001083490196839443,1,0.025697554269567175,15.901082080996304
IPR033410,Protein of unknown function DUF5119,0.014629020318289184,0.00010915759445770506,1,0.026002323948531816,15.849878353784007
IPR018712,Tle1 phospholipase,0.015281393361144879,0.00011158331877898741,1,0.02706414578741348,15.676056757839733
IPR005517,"Translation elongation factor EFG/EF2, domain IV",0.015316770320422652,0.0003881158914051736,2,0.02706414578741348,15.676056757839733
IPR045455,"NrS-1 polymerase-like, helicase domain",0.015501939744984995,0.00011239189355274818,1,0.027310770315429448,15.636660501706917
IPR010488,Zeta toxin domain,0.015947659234988386,0.00011400904310026974,1,0.027931718952508896,15.539023364573353
IPR011083,Phage tail collar domain,0.015947659234988386,0.00011400904310026974,1,0.027931718952508896,15.539023364573353
IPR039552,"Transposase IS66, C-terminal",0.016172830205114307,0.00011481761787403051,1,0.028161410735068223,15.503455931695045
IPR046216,Domain of unknown function DUF6249,0.016172830205114307,0.00011481761787403051,1,0.028161410735068223,15.503455931695045
IPR048634,"Protein export membrane protein SecD/SecF, C-terminal",0.01629729920925767,0.0003945844895952598,2,0.02829589051114593,15.48276633660408
IPR003284,Salmonella virulence plasmid 65kDa B protein,0.01639954055590769,0.0001156261926477913,1,0.028391112118464467,15.468175952355875
IPR002692,Penicillin/GL-7-ACA/AHL/aculeacin-A acylase,0.01755614475439428,0.00011966906651659519,1,0.030218766401960268,15.197232685130937
IPR005107,"CO dehydrogenase flavoprotein, C-terminal",0.01755614475439428,0.00011966906651659519,1,0.030218766401960268,15.197232685130937
IPR003743,C4-type zinc ribbon domain,0.01826850922267092,0.00012209479083787753,1,0.03117617385863214,15.061771852999815
IPR027791,"Galactosyltransferase, C-terminal",0.01826850922267092,0.00012209479083787753,1,0.03117617385863214,15.061771852999815
IPR002711,HNH endonuclease,0.01826850922267092,0.00012209479083787753,1,0.03117617385863214,15.061771852999815
IPR000836,Phosphoribosyltransferase domain,0.018486972916185604,0.0008959008493269424,4,0.031459365843168115,15.022500361179638
IPR011659,WD40-like beta propeller,0.01866339929232559,0.003103309981693867,4,0.03166962089547601,14.993571353646926
IPR041552,UvrA DNA-binding domain,0.01880001166400276,0.0004099474102967146,2,0.03181131917157529,14.974183209254315
IPR002346,"Molybdopterin dehydrogenase, FAD-binding",0.018994637770161332,0.00012452051515915986,1,0.03205010711077926,14.941705147397768
IPR019480,"Dihydroorotate dehydrogenase, electron transfer subunit, iron-sulphur cluster binding domain",0.019734499135770064,0.0001269462394804422,1,0.033204957815523226,14.787970671642462
IPR019288,"Predicted 3'-5' exonuclease, PolB-like",0.019984165842135342,0.00012775481425420296,1,0.033530855292546416,14.745553686082843
IPR045670,Domain of unknown function DUF5916,0.02023535369106702,0.00012856338902796376,1,0.03385747726522107,14.703454044849085
IPR011706,"Multicopper oxidase, C-terminal",0.020742288007843383,0.00013018053857548532,1,0.03460899865375539,14.608109660176218
IPR022551,BrxC,0.021255292397912434,0.00013179768812300686,1,0.035366444850970964,14.51408594672273
IPR000620,EamA domain,0.021822254863465153,0.002577736378749361,2,0.0362092262138937,14.411807558962389
IPR000674,"Aldehyde oxidase/xanthine dehydrogenase, a/b hammerhead",0.02283062743638853,0.00013664913676557152,1,0.03777775092374787,14.227639011119237
IPR006121,"Heavy metal-associated domain, HMA",0.02328487402475859,0.0006978000297555517,3,0.038423249423775195,14.15405909980808
IPR003406,"Glycosyl transferase, family 14",0.023367812987135198,0.0001382662863130931,1,0.03845417576729116,14.150564929438671
IPR043760,Pycsar effector protein,0.023638663887592733,0.00013907486108685386,1,0.03879331416073437,14.112431165011085
IPR025399,Domain of unknown function DUF4372,0.025859494239283746,0.00014554345927694009,1,0.04232195915117749,13.734342363213647
IPR043766,Mobilization protein BfmA-like,0.02642965969669193,0.00014716060882446165,1,0.04313723748860618,13.651476705888177
IPR039447,"Urease accessory protein UreH-like, transmembrane domain",0.02671697870823011,0.00014796918359822242,1,0.04348769088649412,13.616336519317562
IPR027823,Domain of unknown function DUF4468 with TBP-like fold,0.02758786444639545,0.00015039490791950475,1,0.044783552312712395,13.48881460363498
IPR003855,Potassium transporter,0.02817588169871997,0.00015201205746702632,1,0.04549151789092524,13.420695720587004
IPR007815,Erythromycin esterase,0.02817588169871997,0.00015201205746702632,1,0.04549151789092524,13.420695720587004
IPR025245,Protein of unknown function DUF4197,0.028769827328112764,0.00015362920701454788,1,0.046325609057902006,13.341788621602317
IPR000424,Primosome PriB/single-strand DNA-binding,0.029736112368756444,0.00046412192013868677,2,0.04749848349036029,13.233202561073881
IPR007263,DCC1-like thiol-disulfide oxidoreductase family,0.029671836749850435,0.00015605493133583021,1,0.04749848349036029,13.233202561073881
IPR001463,Sodium:alanine symporter,0.029671836749850435,0.00015605493133583021,1,0.04749848349036029,13.233202561073881
IPR024294,Protein of unknown function DUF3810,0.029975458444776452,0.00015686350610959098,1,0.04775345640537525,13.209951886151984
IPR008030,NmrA-like domain,0.030280553686287986,0.00015767208088335178,1,0.048111542859645896,13.177507157499686
IPR013099,Potassium channel domain,0.03058712102597712,0.00015848065565711255,1,0.048470067445926704,13.145263759575911
IPR012327,D12 class N6 adenine-specific DNA methyltransferase,0.03214198803533568,0.00016252352952591644,1,0.050799606419963256,12.941396524857716
IPR012429,"Heparan-alpha-glucosaminide N-acetyltransferase, catalytic domain",0.032457357173836625,0.0001633321042996772,1,0.05102875839141244,12.921849985954246
IPR027379,Cardiolipin synthase N-terminal,0.032457357173836625,0.0001633321042996772,1,0.05102875839141244,12.921849985954246
IPR000782,FAS1 domain,0.03266881302282879,0.00047625054174509844,2,0.05122675131066609,12.9050318526338
IPR041382,Bacterial dipeptidyl-peptidase SH3 domain,0.03309247926742286,0.00016494925384719878,1,0.051620820523922646,12.871750965341155
IPR011546,"Peptidase M41, FtsH extracellular",0.03309247926742286,0.00016494925384719878,1,0.051620820523922646,12.871750965341155
IPR003305,"Carbohydrate-binding, CenC-like",0.0340560993266912,0.0001673749781684811,1,0.0529859831082806,12.758390033019126
IPR001440,Tetratricopeptide repeat 1,0.0349387302053697,0.00048514486425646697,2,0.05421839220988718,12.658533651164142
IPR046748,HipA-like kinase,0.03503280713759954,0.00016980070248976344,1,0.05422390562124581,12.658092044119755
IPR017941,Rieske [2Fe-2S] iron-sulphur domain,0.03536127762125344,0.0001706092772635242,1,0.05459125076064642,12.628769552960875
IPR048912,"Beta-galactosidase 1-like , first all-beta domain",0.03602256109438467,0.00017222642681104578,1,0.05546918790626328,12.559481923402087
IPR040980,SWI2/SNF2 ATPase,0.0366896241395681,0.00017384357635856734,1,0.05620737815754806,12.502066722816146
IPR045957,Domain of unknown function DUF6377,0.0366896241395681,0.00017384357635856734,1,0.05620737815754806,12.502066722816146
IPR022187,"Conjugative transposon, TraM",0.03709159109434701,0.0004932306119940748,2,0.05653400271123119,12.476902646042802
IPR041614,"DprA, winged helix domain",0.03702531906401485,0.0001746521511323281,1,0.05653400271123119,12.476902646042802
IPR006665,OmpA-like domain,0.03760155073046732,0.0022106434314619677,1,0.05716580935926377,12.428636433437806
IPR027450,Alpha-ketoglutarate-dependent dioxygenase AlkB-like,0.03872536405763835,0.000178695025001132,1,0.058725298912722455,12.31174763978785
IPR024041,Ammonium transporter AmtB-like domain,0.03976258943362692,0.00018112074932241434,1,0.06014593704732961,12.207937046087853
IPR010664,"Lipopolysaccharide assembly, LptC-related",0.04046121190324112,0.0001827378988699359,1,0.061048528791036345,12.143247976590407
IPR018873,"KilA-N, DNA-binding domain",0.04081265987228086,0.00018354647364369667,1,0.061424078551498076,12.116613498336585
IPR025161,Insertion element IS402-like domain,0.04151982099658028,0.00018516362319121824,1,0.06217593194237897,12.063776964577151
IPR041497,THUMP-like domain,0.04151982099658028,0.00018516362319121824,1,0.06217593194237897,12.063776964577151
IPR002347,Short-chain dehydrogenase/reductase SDR,0.04196115415127981,0.00247262165816046,2,0.0626801280214878,12.028701251745877
IPR048913,"Beta-galactosidase, galactose-binding domain",0.04259120061323494,0.00018758934751250057,1,0.0634630078789247,11.974793480209506
IPR000673,"Signal transduction response regulator, chemotaxis, protein-glutamate methylesterase",0.044772089305719034,0.00019244079615506524,1,0.06638237993595471,11.779471813560976
IPR025460,Protein of unknown function DUF4280,0.044772089305719034,0.00019244079615506524,1,0.06638237993595471,11.779471813560976
IPR007497,Interleukin-1 receptor-associated kinase 1-binding protein 1/DUF541,0.04514049355389871,0.000193249370928826,1,0.06676334725626007,11.75461897599721
IPR010280,(Uracil-5)-methyltransferase family,0.04625411085335852,0.00019567509525010834,1,0.06807423194388637,11.670172499426606
IPR032859,"GTPase Der, C-terminal KH-domain-like",0.04625411085335852,0.00019567509525010834,1,0.06807423194388637,11.670172499426606
IPR000811,"Glycosyl transferase, family 35",0.04662811232691902,0.00019648367002386913,1,0.06845646883290316,11.645855066871409
IPR024633,DnaA N-terminal domain,0.04700350873313715,0.0001972922447976299,1,0.0686709798320711,11.632267558295347
IPR013317,Chromosomal replication initiator protein DnaA,0.04700350873313715,0.0001972922447976299,1,0.0686709798320711,11.632267558295347
IPR000506,"Ketol-acid reductoisomerase, C-terminal",0.04738029831035639,0.0001981008195713907,1,0.06905303817008145,11.608172087366972
IPR007349,Domain of unknown function DUF418,0.047758479290853535,0.00019890939434515147,1,0.06943526479422638,11.584199039585545
IPR014016,"UvrD-like helicase, ATP-binding domain",0.04838711277571894,0.0005312336263608314,2,0.07017888753669647,11.537935204253051
IPR025669,AAA domain,0.04906556892932853,0.0008101919233082999,3,0.07099100432045359,11.487966797527902
IPR006068,"Cation-transporting P-type ATPase, C-terminal",0.05044455568976853,0.0002045694177614769,1,0.07281033459800325,11.378069731547953
IPR002941,DNA methylase N-4/N-6,0.05122442660335942,0.00020618656730899846,1,0.07340533860146482,11.342723536963994
IPR032508,"Protein FecR, C-terminal",0.05114418186466697,0.002082888617207765,1,0.07340533860146482,11.342723536963994
IPR006860,FecR protein,0.051156030181810114,0.002086122916302808,1,0.07340533860146482,11.342723536963994
IPR013159,"Chromosomal replication initiator, DnaA C-terminal",0.05240452884094121,0.0002086122916302808,1,0.07491721426187062,11.254183798978499
IPR010723,"HemN, C-terminal",0.053198106117505556,0.00021022944117780236,1,0.07587063229615673,11.199262965661221
IPR020811,"Enolase, N-terminal",0.053997140063938694,0.00021184659072532393,1,0.07682728479406005,11.144845152408307
IPR020810,"Enolase, C-terminal TIM barrel domain",0.054801615753912986,0.00021346374027284546,1,0.07778712757486701,11.090922652948569
IPR001322,Lamin tail domain,0.055611518168118414,0.00021508088982036703,1,0.07875011674397857,11.03748793713243
IPR004839,"Aminotransferase, class I/classII",0.0562292573509085,0.0023731669609878842,2,0.07943708762545801,10.99976686609585
IPR004843,"Calcineurin-like phosphoesterase domain, ApaH type",0.05665039890480446,0.0023893384564631,2,0.07984373869171263,10.97759135358399
IPR001036,Acriflavin resistance protein,0.057162058169303726,0.002618973692211161,3,0.08037575784838716,10.948749191648163
IPR002888,[2Fe-2S]-binding,0.05932282740465636,0.00022235806278421403,1,0.08263807817532362,10.828197912894668
IPR002560,"Transposase IS204/IS1001/IS1096/IS1165, DDE domain",0.05899407195703651,0.0005619594677637409,2,0.08263807817532362,10.828197912894668
IPR000358,Ribonucleotide reductase small subunit family,0.05932282740465636,0.00022235806278421403,1,0.08263807817532362,10.828197912894668
IPR031330,"Glycoside hydrolase 35, catalytic domain",0.05932282740465636,0.00022235806278421403,1,0.08263807817532362,10.828197912894668
IPR010720,"Alpha-L-arabinofuranosidase, C-terminal",0.05974189897706384,0.00022316663755797482,1,0.08283656825754916,10.81777901300568
IPR002539,MaoC-like dehydratase domain,0.05974189897706384,0.00022316663755797482,1,0.08283656825754916,10.81777901300568
IPR002678,DUF34/NIF3,0.06143150241467324,0.00022640093665301792,1,0.08498260957595674,10.70669937084615
IPR013196,"Helix-turn-helix, type 11",0.06271263296486859,0.00022882666097430026,1,0.08655499342386241,10.62707872284561
IPR028261,Dihydroprymidine dehydrogenase domain II,0.06314231887950729,0.00022963523574806103,1,0.08674827754317631,10.617391397177274
IPR011614,Catalase core domain,0.06314231887950729,0.00022963523574806103,1,0.08674827754317631,10.617391397177274
IPR013094,Alpha/beta hydrolase fold-3,0.06357332267579958,0.00023044381052182182,1,0.0871405498462333,10.597797040464476
IPR003675,Type II CAAX prenyl endopeptidase Rce1-like,0.06607676371585507,0.0005805566875602389,2,0.09036525448812142,10.439985240016831
IPR025400,"Lin1244/Lin1753-like, N-terminal",0.06706855580830785,0.00023691240871190805,1,0.09130469302085548,10.395068993476286
IPR029303,"Polysaccharide biosynthesis protein, C-terminal domain",0.06703800486275438,0.0005829824118815212,2,0.09130469302085548,10.395068993476286
IPR003688,Type IV secretion system protein TraG/VirD4,0.06751132994928866,0.00023772098348566882,1,0.09149159873218078,10.386187834392155
IPR011146,HIT-like domain,0.06751132994928866,0.00023772098348566882,1,0.09149159873218078,10.386187834392155
IPR001650,"Helicase, C-terminal domain-like",0.06926423848739374,0.002975555167439664,5,0.09365525700665654,10.284678400196087
IPR007267,"GtrA/DPMS, transmembrane domain",0.07246703631269061,0.0002466153059970374,1,0.09754551629505993,10.107926882691164
IPR008274,"Aldehyde oxidase/xanthine dehydrogenase, first molybdopterin binding domain",0.07246703631269061,0.0002466153059970374,1,0.09754551629505993,10.107926882691164
IPR031325,RHS repeat,0.0743075012006594,0.0002498496050920805,1,0.09979863950492149,10.008753791488276
IPR000683,"Gfo/Idh/MocA-like oxidoreductase, N-terminal",0.07474294693960916,0.0020650999721850277,1,0.10015889310251876,9.993104836756228
IPR002018,"Carboxylesterase, type B",0.07616822698814145,0.0002530839041871236,1,0.10184099992387663,9.920773452215451
IPR032689,"TraD/TraG, TraM recognition site",0.07804907683636073,0.0002563182032821667,1,0.10405957543626033,9.827179503606578
IPR018551,Domain of unknown function DUF2007,0.07852241752452366,0.0002571267780559275,1,0.10405957543626033,9.827179503606578
IPR007492,LytTR DNA-binding domain,0.07848664823372076,0.0025955250237720984,3,0.10405957543626033,9.827179503606578
IPR014043,Acyl transferase,0.07852241752452366,0.0002571267780559275,1,0.10405957543626033,9.827179503606578
IPR018958,Knr4/Smi1-like domain,0.08042822806318332,0.00026036107715097064,1,0.10634990863100842,9.732628788789382
IPR013341,"Mandelate racemase/muconate lactonizing enzyme, N-terminal domain",0.08235385010293297,0.0002635953762460137,1,0.1086562912151032,9.63945122901637
IPR045324,Small multidrug resistance protein,0.0862639636442529,0.00027006397443609997,1,0.11356508620419228,9.447551650987261
IPR001525,C-5 cytosine methyltransferase,0.08824816956837266,0.00027329827353114305,1,0.11592248590231409,9.35832314199394
IPR024654,"Calcineurin-like phosphoesterase domain, lpxH-type",0.08874723303296198,0.00027410684830490384,1,0.11632295970841187,9.343345562041005
IPR029464,"Type I restriction enzyme R protein, N-terminal domain",0.08924749675632933,0.00027491542307866464,1,0.11672325449135647,9.328426118965364
IPR004960,Bacterial lipid A biosynthesis acyltransferase,0.09534344885596961,0.00028461832036379397,1,0.12442423935670108,9.05095005550362
IPR000917,"Sulfatase, N-terminal",0.10096322667337926,0.0019227908120031307,1,0.13147167995076994,8.811677875977221
IPR002528,Multi antimicrobial extrusion protein,0.10333013570704502,0.0019713052984287774,1,0.13397132313532462,8.729881534032295
IPR001466,Beta-lactamase-related,0.10318715691692527,0.001969688148881256,1,0.13397132313532462,8.729881534032295
IPR011545,DEAD/DEAH box helicase domain,0.10412096789395031,0.002216303454878293,2,0.1347050966921733,8.706159720319363
IPR024932,Flavin transferase ApbE,0.11186133548504222,0.0003096841383503781,1,0.14440719818004372,8.404111582071119
IPR005901,GLPGLI family protein,0.11237803219055516,0.001429560200009056,5,0.14476223931643556,8.393447074424703
IPR000835,MarR-type HTH domain,0.11278891180627354,0.0009702897285129339,3,0.14497973856643315,8.386926877211673
IPR022643,"Orn/DAP/Arg decarboxylase 2, C-terminal",0.1168573405824948,0.0003169613113142251,1,0.14988768096127278,8.242340596826974
IPR024084,Isopropylmalate dehydrogenase-like domain,0.12023644227237512,0.00032181275995678976,1,0.1535642407700484,8.137099030823718
IPR021428,Protein of unknown function DUF3078,0.12023644227237512,0.00032181275995678976,1,0.1535642407700484,8.137099030823718
IPR001437,"Transcription elongation factor, GreA/GreB, C-terminal",0.12080334622428861,0.00032262133473055056,1,0.1539600093369125,8.125920712396352
IPR041095,"Elongation Factor G, domain II",0.12308149943832204,0.00032585563382559363,1,0.15619876729566717,8.063223978518174
IPR045155,"Beta-lactamase class A, catalytic domain",0.12308149943832204,0.00032585563382559363,1,0.15619876729566717,8.063223978518174
IPR000551,MerR-type HTH domain,0.12365365947801622,0.0003266642085993544,1,0.15659311210852372,8.052273446985625
IPR006097,"Glutamate/phenylalanine/leucine/valine/L-tryptophan dehydrogenase, dimerisation domain",0.1300157405131534,0.000335558531110723,1,0.16395669172079763,7.85270853358082
IPR003959,"ATPase, AAA-type, core",0.12987853116729892,0.0027103426416461287,14,0.16395669172079763,7.85270853358082
IPR009908,"Methylamine utilisation protein, MauE",0.13472008491897838,0.0003420271293008092,1,0.16953220770266397,7.707477824238847
IPR000883,Cytochrome c oxidase subunit I,0.13650070118512067,0.00034445285362209155,1,0.17141283020940729,7.659566743579357
IPR026876,Fn3 associated repeat,0.1376927185692597,0.0003460700031696131,1,0.17254798833260784,7.630900996071546
IPR046867,"Aldehyde oxidase/xanthine dehydrogenase, second molybdopterin binding domain",0.14189557176741133,0.00035173002658593855,1,0.17744352294087554,7.5093984868255
IPR022646,"Protein-export membrane protein SecD/SecF/SecDF, conserved site",0.14614563851422058,0.000357390050002264,1,0.18237757806253777,7.3902855593237495
IPR013497,"DNA topoisomerase, type IA, central",0.14932695399622967,0.0007422716423123944,2,0.18596017763771636,7.305800476306845
IPR006096,"Glutamate/phenylalanine/leucine/valine/L-tryptophan dehydrogenase, C-terminal",0.14982544480439983,0.0003622414986448287,1,0.18619386190422302,7.300346401380514
IPR027843,Domain of unknown function DUF4440,0.15105950831013937,0.0003638586481923502,1,0.18733881051298856,7.273722416018783
IPR035398,Alpha-L-rhamnosidase C-terminal domain,0.15167792708590846,0.000364667222966111,1,0.18771710397615532,7.264961545281397
IPR013149,"Alcohol dehydrogenase-like, C-terminal",0.15605820265419873,0.0007527831143712846,2,0.19273992451518565,7.15028315439527
IPR014922,YdhG-like domain,0.1642361664328158,0.0003808387184413266,1,0.20242276480093965,6.937406476055804
IPR005181,Sialate O-acetylesterase domain,0.16616898205223138,0.0007681460350727394,2,0.20438443583015728,6.8955217942989755
IPR005170,Transporter-associated domain,0.17000183528293256,0.0003881158914051736,1,0.20867028552146846,6.8053938971190195
IPR004044,"K Homology domain, type 2",0.17064671469422477,0.00038892446617893434,1,0.20903350123075795,6.797841051152785
IPR012318,Crp-type HTH domain,0.1788311521963236,0.0007867432548692373,2,0.21861195952162824,6.60326082952762
IPR002550,"CNNM, transmembrane domain",0.1804191528447896,0.00040105308778534606,1,0.2201040174216476,6.57372030467415
IPR022644,"Orn/DAP/Arg decarboxylase 2, N-terminal",0.18437895935339738,0.0004059045364279107,1,0.22447763547293703,6.488269209168563
IPR002641,Patatin-like phospholipase domain,0.1873314212713517,0.0007988718764756489,2,0.22760957675768692,6.4280946879050695
IPR002524,Cation efflux protein,0.1917112817704941,0.00041479885893927926,1,0.23199001571823427,6.345307056771316
IPR002059,"Cold-shock protein, DNA-binding",0.1917112817704941,0.00041479885893927926,1,0.23199001571823427,6.345307056771316
IPR040605,"Glycoside hydrolase family 2, domain 5",0.19238242011724518,0.00041560743371304006,1,0.23233280171417311,6.3388947036425805
IPR025343,Protein of unknown function DUF4099,0.19372693953784045,0.0004172245832605616,1,0.23348578829610953,6.3173954872704865
IPR004176,"Clp, repeat (R) domain",0.19660281179672032,0.0008118090728558215,2,0.236476072823766,6.262127955870693
IPR025988,YWFCY domain,0.19777823824007051,0.00042207603190312626,1,0.23693832941160448,6.253646779625313
IPR007016,O-antigen ligase-related,0.19777823824007051,0.00042207603190312626,1,0.23693832941160448,6.253646779625313
IPR005149,"Transcription regulator PadR, N-terminal",0.19913450994609455,0.00042369318145064785,1,0.23808696897746634,6.232643738351457
IPR025345,Protein of unknown function DUF4249,0.2018556769523538,0.00042692748054569093,1,0.2408596623395616,6.182359268185809
IPR002142,Peptidase S49,0.2052730731922628,0.00043097035441449485,1,0.24445043905003064,6.118091783762783
IPR032311,Domain of unknown function DUF4982,0.20939685942182149,0.0004358218030570595,1,0.24886650554299816,6.040335503046089
IPR002881,Domain of unknown function DUF58,0.21285202689113775,0.0004398646769258634,1,0.25247200813424064,5.977867656115654
IPR019887,"Transcription regulator AsnC/Lrp, ligand binding domain",0.21331650968993163,0.0008344491665211232,2,0.25252290376337755,5.976992253594116
IPR000653,DegT/DnrJ/EryC1/StrS aminotransferase,0.2212793955000825,0.0008449606385800134,2,0.2614326585888549,5.82640160600233
IPR019861,"Type IX secretion system membrane protein, PorP/SprF family",0.2233157426250832,0.00045199329853227505,1,0.2633191532134347,5.795175501898782
IPR004852,Di-haem cytochrome c peroxidase,0.2247216828525136,0.00045361044807979664,1,0.2644563615494217,5.776459814807682
IPR035396,"Alpha-L-rhamnosidase, six-hairpin glycosidase domain",0.23249779464469725,0.0004625047705911652,1,0.2730709392003405,5.637245159586999
IPR043741,Family of unknown function DUF5686,0.23320827983310277,0.000463313345364926,1,0.2733693926027956,5.632501121816126
IPR004013,PHP domain,0.247536432986328,0.0004794848408401415,1,0.28959828781017666,5.38204010143366
IPR029065,Enolase C-terminal domain-like,0.2606120521436934,0.0004940391867678355,1,0.3043014020157355,5.166960467010021
IPR006175,YjgF/YER057c/UK114 family,0.26207468486174007,0.0004956563363153571,1,0.305413883720199,5.151112243653238
IPR000064,"Endopeptidase, NLPC/P60 domain",0.27384131274124346,0.0005085935326955295,1,0.3185066919068055,4.968814385949787
IPR000873,AMP-dependent synthetase/ligase domain,0.2755669354652487,0.0016503011132457486,1,0.3198926246970619,4.949957727020516
IPR015883,"Glycoside hydrolase family 20, catalytic domain",0.27820836618075717,0.0009161152186709618,2,0.3223342579154227,4.916935349065979
IPR002547,tRNA-binding domain,0.27902397001769863,0.000514253556111855,1,0.3226551313525125,4.912614236907159
IPR006102,"Glycoside hydrolase, family 2, immunoglobulin-like beta-sandwich",0.28201531035365734,0.0017109442212778069,1,0.3254858784235853,4.874678490489465
IPR041546,"ClpA/ClpB, AAA lid domain",0.28571630878657733,0.000521530729075702,1,0.3291232095445381,4.826414904746859
IPR002797,Polysaccharide biosynthesis protein,0.28646183080182575,0.0005223393038494628,1,0.3293486308067056,4.823441377009202
IPR011607,Methylglyoxal synthase-like domain,0.29169084111089494,0.0005279993272657883,1,0.3347180341483258,4.753208878211661
IPR030395,Glycerophosphodiester phosphodiesterase domain,0.2954365804638316,0.0005320422011345921,1,0.3383680912004496,4.706105985554681
IPR015882,"Beta-hexosaminidase, bacterial type, N-terminal",0.29797311298501367,0.0009395638871100244,2,0.34062193640844124,4.677273864545619
IPR041700,Outer membrane protein beta-barrel domain 3,0.3026878418738975,0.0021904290621179486,3,0.34499821032492994,4.62183157819547
IPR022298,"Conjugative transposon, TraN",0.30295335330703366,0.0005401279488721999,1,0.34499821032492994,4.62183157819547
IPR000305,GIY-YIG endonuclease,0.30370680380597465,0.0005409365236459607,1,0.34519995347206606,4.619292714934049
IPR002792,TRAM domain,0.31580246407766777,0.0005538737200261331,1,0.35826832572447537,4.457915858365093
IPR005119,"LysR, substrate-binding",0.318078352818721,0.0005562994443474154,1,0.360168115951633,4.43494735933913
IPR002481,Ferric-uptake regulator,0.3249197011698711,0.0005635766173112624,1,0.3672205679259487,4.350730020715998
IPR013766,Thioredoxin domain,0.32589135821140386,0.0009719068780604555,2,0.36762509146634825,4.34594854430946
IPR012938,Glucose/Sorbosone dehydrogenase,0.3272044651394381,0.0005660023416325449,1,0.36841254627541997,4.336655883410863
IPR011712,"Signal transduction histidine kinase, subgroup 3, dimerisation and phosphoacceptor domain",0.33559878212670907,0.0005748966641439133,1,0.37715510411613273,4.234800105134039
IPR001375,"Peptidase S9, prolyl oligopeptidase, catalytic domain",0.34096034976123474,0.001881553498541331,2,0.38246301405801425,4.174105567643778
IPR000847,"Transcription regulator HTH, LysR",0.344016848050416,0.0005837909866552819,1,0.3851702653872882,4.143472471878578
IPR013538,"Activator of Hsp90 ATPase homologue 1-like, C-terminal",0.346316335064164,0.0005862167109765643,1,0.38702142668551165,4.122649904495944
IPR013848,"Methylthiotransferase, N-terminal",0.34785012430908946,0.0005878338605240859,1,0.3880115911753158,4.111553004153626
IPR002781,Transmembrane protein TauE-like,0.355527847266383,0.0005959196082616936,1,0.3958386254880361,4.024818300946214
IPR013751,"Beta-ketoacyl-[acyl-carrier-protein] synthase III, N-terminal",0.35860263670736825,0.0005991539073567367,1,0.39852129756533133,3.9954846431066486
IPR001433,Oxidoreductase FAD/NAD(P)-binding,0.3724598066012583,0.0006137082532844308,1,0.4131544891743588,3.8388752400868578
IPR001623,DnaJ domain,0.374001157939463,0.0006153254028319523,1,0.41409740038029264,3.828974959019633
IPR000878,Tetrapyrrole methylase,0.38094012625831924,0.0006226025757957993,1,0.4210020952559653,3.7571574274903585
IPR002372,Pyrrolo-quinoline quinone repeat,0.3832539506399696,0.0006250283001170816,1,0.42200205226717236,3.7468543698585908
IPR002293,Amino acid/polyamine transporter I,0.3832539506399696,0.0006250283001170816,1,0.42200205226717236,3.7468543698585908
IPR006103,"Glycoside hydrolase family 2, catalytic domain",0.3870561009953784,0.0015896580052136902,1,0.4254066137545535,3.7119576244744277
IPR005151,Tail specific protease,0.39065279178131673,0.0016106809493314704,1,0.4285733008736423,3.679748879941924
IPR019533,Peptidase S26,0.39174004512943417,0.0006339226226284502,1,0.428980415050331,3.6756253492419777
IPR041698,Methyltransferase domain 25,0.3925115940200617,0.0006347311974022109,1,0.4290409576971112,3.675012466199778
IPR001041,2Fe-2S ferredoxin-type iron-sulfur binding domain,0.39868389851965286,0.0006411997955922972,1,0.4349939074922988,3.615168257143396
IPR003362,Bacterial sugar transferase,0.40254113373981615,0.0006452426694611011,1,0.43840388929118157,3.581256016719394
IPR021958,Protein of unknown function DUF3575,0.4110240838958381,0.0006541369919724696,1,0.446830174688942,3.498575064194392
IPR004365,"OB-fold nucleic acid binding domain, AA-tRNA synthetase-type",0.41564851550393356,0.0006589884406150344,1,0.45103887823705835,3.4578602158967175
IPR013747,"Beta-ketoacyl-[acyl-carrier-protein] synthase III, C-terminal",0.42181040763810096,0.0006654570388051205,1,0.4568977109859358,3.4018101771288167
IPR025222,Domain of unknown function DUF3945,0.441024025891125,0.00068567140814914,1,0.47684727709166763,3.216206929444872
IPR000845,Nucleoside phosphorylase domain,0.4463888794552981,0.0006913314315654654,1,0.48177826809679924,3.1715279391530586
IPR013655,PAS fold-3,0.4509380463015049,0.0012532908993292064,3,0.48498673551726995,3.1427013927491627
IPR014030,"Beta-ketoacyl synthase, N-terminal",0.4509809877848403,0.0006961828802080301,1,0.48498673551726995,3.1427013927491627
IPR023753,FAD/NAD(P)-binding domain,0.45635637487926395,0.0018403161850795314,2,0.48988793647433526,3.099032549448428
IPR002123,Phospholipid/glycerol acyltransferase,0.4586201289467578,0.000704268627945638,1,0.4914373116978675,3.0853187339656563
IPR000640,"Elongation factor EFG, domain V-like",0.47004089215980616,0.0007163972495520496,1,0.5027758828637926,2.9862556270918432
IPR000644,CBS domain,0.4934065664134254,0.002644848084971506,6,0.5268280450653151,2.7833111394389816
IPR003718,OsmC/Ohr family,0.4994739547894338,0.0007479316657287199,1,0.5323574713858912,2.7379664643584474
IPR000421,Coagulation factor 5/8 C-terminal domain,0.5111569821492519,0.0013761942649408447,3,0.5438419756792218,2.645272750450963
IPR032808,DoxX family,0.5143919678939657,0.0007641031612039355,1,0.546313455263272,2.6255810302810456
IPR003018,GAF domain,0.5158763366936091,0.000765720310751457,1,0.5469202224415431,2.62076018237349
IPR000795,Translational (tr)-type GTP-binding domain,0.5335827772349624,0.0014724146630183772,1,0.5646927271444213,2.481878056425886
IPR011123,Two component regulator three Y,0.5396987777842248,0.0015088005278376124,1,0.570157968064816,2.4400480195175525
IPR000792,"Transcription regulator LuxR, C-terminal",0.577046218659722,0.00163089531867549,4,0.6085399383400942,2.157109138488175
IPR006016,UspA,0.5845077961798691,0.000842534914258731,1,0.6153254304248534,2.1089513583841106
IPR000933,"Glycoside hydrolase, family 29",0.608706726259348,0.0008708350313403582,1,0.6396760158409639,1.9403993251394196
IPR025665,Outer membrane protein beta-barrel domain 2,0.6444606518266482,0.0019826253452614284,3,0.6760629254713876,1.7001287963062526
IPR000595,Cyclic nucleotide-binding domain,0.6653604944504925,0.0031259500753591687,10,0.696767370936792,1.5691219519025434
IPR000073,Alpha/beta hydrolase fold-1,0.6732263517812447,0.0021564689216199955,4,0.7037741443577061,1.5256669255771782
IPR025049,Fimbrillin-like 1,0.6837758321800478,0.0011570705012516737,2,0.713557009539806,1.46571323264861
IPR023210,NADP-dependent oxidoreductase domain,0.6967351352254452,0.0011918392165233872,2,0.7245561562500723,1.3992794917913534
IPR001279,Metallo-beta-lactamase,0.6964239360907172,0.0023149495772771082,5,0.7245561562500723,1.3992794917913534
IPR006171,TOPRIM domain,0.7011433405467692,0.001203159263356038,2,0.7278767088171832,1.379421773008826
IPR000014,PAS domain,0.7144979081207821,0.00123631082908023,2,0.7404571746788036,1.3050005441287955
IPR037682,"TonB, C-terminal",0.7292893102418083,0.0012856338902796376,1,0.7544806508373803,1.2235189351901772
IPR016040,NAD(P)-binding domain,0.7305807658894513,0.0013179768812300687,1,0.7545135840823816,1.2233293688386757
IPR013830,SGNH hydrolase-type esterase domain,0.736110012927087,0.0013753856901670839,1,0.7589154866494408,1.1980658474403585
IPR006047,"Glycosyl hydrolase, family 13, catalytic domain",0.7376610262889599,0.0013867057369997347,1,0.7592078260259226,1.1963932378630155
IPR001647,"DNA-binding HTH domain, TetR-type",0.7793212251659599,0.001638172491639337,2,0.7993380374561815,0.9726952011623582
IPR006710,"Glycoside hydrolase, family 43",0.7785328491416406,0.0016284695943542076,2,0.7993380374561815,0.9726952011623582
IPR029479,Nitroreductase,1.0,0.0009282438402773735,1,1.0,-0.0
IPR010559,"Signal transduction histidine kinase, internal region",1.0,0.001999605415510405,4,1.0,-0.0
IPR002110,Ankyrin repeat,1.0,0.0010414443086038826,1,1.0,-0.0
IPR002656,Acyltransferase 3 domain,1.0,0.001237119403853991,1,1.0,-0.0
IPR006073,GTP binding domain,1.0,0.001630086743901729,3,1.0,-0.0
IPR002577,"Helix-turn-helix, HxlR type",1.0,0.001148984753514066,1,1.0,-0.0
IPR006153,Cation/H+ exchanger,1.0,0.0009719068780604555,1,1.0,-0.0
IPR013154,"Alcohol dehydrogenase-like, N-terminal",1.0,0.0009525010834901969,1,1.0,-0.0
IPR005814,Aminotransferase class-III,1.0,0.0009177323682184834,1,1.0,-0.0
IPR004104,"Gfo/Idh/MocA-like oxidoreductase, C-terminal",1.0,0.0009476496348476322,1,1.0,-0.0
IPR004161,"Translation elongation factor EFTu-like, domain 2",1.0,0.0010002069951420827,1,1.0,-0.0
IPR016047,Peptidase M23,1.0,0.0011861791931070617,1,1.0,-0.0
IPR011527,"ABC transporter type 1, transmembrane domain",1.0,0.0013519370217280214,2,1.0,-0.0
IPR015590,Aldehyde dehydrogenase domain,1.0,0.0010365928599613177,1,1.0,-0.0
IPR001867,OmpR/PhoB-type DNA-binding domain,1.0,0.0014675632143758125,2,1.0,-0.0
